{
  "metrics": {
    "method": "mpi+cuda",
    "image": "F:\\TXC_work1\\tm2002.img",
    "replicas": 10,
    "clusters": 8,
    "max_iter": 30,
    "actual_iters": 30,
    "tolerance": 0.0001,
    "chunk_size": 400000,
    "seed": 2025,
    "ranks": 1,
    "device_id": 0,
    "available_devices": 1,
    "pixels_per_rank": 14574560,
    "total_pixels": 14574560,
    "total_time_sec": 53.34739160002209,
    "compute_time_sec": 53.13651320000645,
    "io_time_sec": 0.01135639997664839,
    "final_inertia": 4656825344.0,
    "final_shift": 0.34461284941861803,
    "timestamp": "2025-11-24T10:19:04",
    "image_height": 1144,
    "image_width": 1274,
    "num_features": 3
  },
  "global_counts": [
    2092830,
    749570,
    236900,
    1189570,
    3501700,
    2392100,
    671730,
    3740160
  ],
  "final_centers": [
    [
      97.56369318100371,
      101.6635656025573,
      102.59228317636884
    ],
    [
      106.58393478927918,
      87.93602732233147,
      70.55503288552103
    ],
    [
      0.6351203039257071,
      0.3362178134233854,
      0.45263824398480373
    ],
    [
      29.605951730457225,
      27.57614936489656,
      29.366651815361852
    ],
    [
      80.12759973727047,
      82.53565525316274,
      84.936171573807
    ],
    [
      55.21721667154383,
      54.16885247272271,
      55.37951757869654
    ],
    [
      124.60574337903623,
      129.54478734015154,
      123.94710970181471
    ],
    [
      69.84756160164271,
      69.45956108829569,
      69.8815537303217
    ]
  ]
}